IMEI,Make,Model,Colour,Year,Age,Gender
860305051123794,VOLKSWAGEN,VW 27X - POLO,WHITE / WIT,2018.0,38.0,Male
860305051124123,HYUNDAI,ATOS,SILVER / SILWER,2022.0,46.0,Male
860305051147801,FORD,RANGER,GREY / GRYS,2022.0,45.0,Male
860305051168823,SUZUKI,ERTIGA,WHITE / WIT,2023.0,64.0,Male
860305051198176,VOLKSWAGEN,VW 240-POLO VIVO,SILVER / SILWER,2011.0,40.0,Female
860305051227298,BMW,X3,SILVER,2012.0,52.0,Female
860305051237842,AUDI,A4 1.8T AMBITION (B8),SILVER,2008.0,59.0,Male
860305051253898,TATA,INDIGO 1.4 MANZA IGNIS,MAROON,2013.0,62.0,Female
860305051288266,FORD,FOCUS,GREY / GRYS,2013.0,41.0,Female
860305051308031,CHEVROLET,SPARK,GOLD,2022.0,34.0,Female
860305051545574,NISSAN,NP 200,WHITE / WIT,2018.0,50.0,Male
860305054934718,KIA,SONET,BLUE / BLOU,2023.0,74.0,Female
860305054934734,JEEP,GRAND CHEROKEE,BLACK / SWART,2013.0,57.0,Male
860305054946126,AUDI,AU 481-A4,WHITE / WIT,2019.0,33.0,Female
860305054952777,TOYOTA,AVANZA 1.5 SX,WHITE,2019.0,38.0,Male
860305054958998,FORD,RANGER 2.2 TDCi XL PLUS 4X4 P/U D/C,WHITE,2023.0,45.0,Male
860305054974698,SUZUKI,S-PRESSO 1.0 GL+ 5AMT,RED,2023.0,40.0,Female
860305054983244,OPEL,CORSA,WHITE / WIT,2006.0,67.0,Female
860305055001236,VOLKSWAGEN,POLO VIVO,SILVER,2018.0,44.0,Male
860305055025995,FORD,KA,RED / ROOI,2008.0,74.0,Female
860305055050209,TOYOTA,RAV4 2.0 GX,WHITE,2018.0,51.0,Male
860305055055752,TOYOTA,COROLLA QUEST 1.6,BLUE,2019.0,48.0,Male
860305056136965,VOLKSWAGEN,VW 241-POLO VIVO,WHITE / WIT,2011.0,43.0,Male
860305056138722,SUZUKI,S-PRESSO,SILVER / SILWER,2023.0,43.0,Female
860305056153788,VOLKSWAGEN,VW 240-POLO VIVO,WHITE,2014.0,49.0,Male
860305056165329,CHERY,TIGGO 4 PRO 1.5  URBAN,GREY,2023.0,33.0,Female
860305056166111,CITROEN,C3,WHITE,2019.0,53.0,Female
860305056168240,TOYOTA,AGYA,WHITE,2021.0,52.0,Female
860305056173661,VOLKSWAGEN,VW 370 - GOLF,WHITE / WIT,2018.0,29.0,Female
860305056174917,VOLKSWAGEN,VIVO,RED,2013.0,35.0,Female
860305056186895,TOYOTA,YARIS,WHITE / WIT,2013.0,50.0,Female
860305056205547,FORD,RANGER,MAROON,2016.0,46.0,Male
860305056219415,CHERY,TIGGO 4 PRO 1.5  URBAN   (2021 - 2022),RED,2022.0,43.0,Female
860305056237292,TOYOTA,COROLLA,SILVER / SILWER,2010.0,51.0,Female
860305056263504,HYUNDAI,ACCENT,SILVER / SILWER,2018.0,50.0,Female
860305056503446,SUZUKI,DZIRE 1.2 GL,WHITE,2022.0,36.0,Male
860305056504493,HONDA,CIVIC,WHITE / WIT,2011.0,56.0,Female
860305056527825,VOLKSWAGEN,POLO,GREY,2022.0,40.0,Female
860305056540844,VOLKSWAGEN,PASSAT 1.8 TSI HIGHLINE DSG,WHITE,2016.0,60.0,Male
860305056570213,TOYOTA,RUMION,GREY,2022.0,51.0,Female
860305056675236,NISSAN,NP200,WHITE,2019.0,34.0,Male
860305056680301,TOYOTA,COROLLA QUEST PLUS 1.8,BLUE,2022.0,61.0,Male
860305056710090,AUTO BRILLIANCE,BRILLIANCE MINIBUS,BLUE / BLOU,2014.0,57.0,Male
860305056737283,DATSUN,GO,SILVER / SILWER,2019.0,40.0,Male
860305056758305,NISSAN,NP 200,WHITE,2019.0,42.0,Male
860305056768908,SUZUKI,DZIRE 1.2 GA,WHITE,2023.0,54.0,Male
860305056774799,FORD,EVEREST,MAROON / BRUINROOI,2019.0,57.0,Male
860305056782008,TOYOTA,URBAN CRUISER,WHITE,2021.0,62.0,Female
860305056859640,SUZUKI,ERTIGA,RED / ROOI,2023.0,51.0,Female
860305056992730,SUZUKI,ERTIGA,GREY,2016.0,51.0,Male
860305056996681,TOYOTA,QUANTUM 2.7 SESFIKILE 16s,WHITE,2022.0,70.0,Male
860305057044416,SUZUKI,ERTIGA 1.5 GA,BROWN,2023.0,46.0,Female
860305057047880,BAIC,BEIJING X55 1.5T DYNAMIC A/T,GREY,2023.0,44.0,Female
860305057060305,CHERY,TIGGO 4 PRO 1.5 COMFORT CVT,BROWN,2023.0,62.0,Female
860305057061196,RENAULT,SANDERO,WHITE / WIT,2014.0,47.0,Female
860305057082317,VOLKSWAGEN,POLO,SILVER,2018.0,35.0,Male
860305057083380,VOLKSWAGEN,POLO GP 1.2 TSI HIGHLINE (81KW),WHITE,2015.0,39.0,Female
863406070114140,SUZUKI,DZIRE,WHITE,2024.0,36.0,Male
864714060572550,VOLKSWAGEN,POLO 1.4 COMFORTLINE,BLUE,2020.0,66.0,Female
864714060587087,TOYOTA,HILUX,WHITE,2023.0,,
864714060590602,AUDI,A1 1.0T FSi S 3Dr,WHITE,2016.0,59.0,Male
864714060640191,HONDA,HR-V 1.5 COMFORT CVT,GREY,2016.0,66.0,Male
864714060645182,MERCEDES-BENZ,b200,RED,2012.0,50.0,Male
864714060649283,TOYOTA,COROLLA CROSS,GREY,2023.0,49.0,Female
864714060660231,MERCEDES-BENZ,A180 CDi,GREY,2015.0,31.0,Male
864714060705713,SUZUKI,ERTIGA,WHITE,2023.0,47.0,Male
864714060707123,KIA,RIO 1.2 LS 5DR,SILVER GREY,2021.0,38.0,Female
864714060727683,TOYOTA,COROLLA,WHITE / WIT,2022.0,31.0,Female
864714061746914,HAVAL,H6 2.0 GDIT,RED,2023.0,42.0,Female
868440060001657,TOYOTA,Rumion 1.5 TX MT,WHITE,2022.0,50.0,Male
868440060036992,HYUNDAI,GRAND i10,SILVER,2023.0,49.0,Female
868440060072948,MAHINDRA,UNKNOWN,WHITE,2023.0,68.0,Male
868440060075628,HYUNDAI,TUCSON,GREY,2023.0,49.0,Female
868440060082715,SUZUKI,CELERIO 1.0 GA,WHITE,2018.0,54.0,Female
868440060701058,VOLKSWAGEN,POLO,WHITE,2021.0,,
868440060732418,HYUNDAI,GRAND I10 BA,RED / ROOI,2018.0,33.0,Female
868440060753224,NISSAN,JUKE,GREY / GRYS,2013.0,41.0,Female
868440060758488,HYUNDAI,H100,WHITE,2024.0,44.0,Female
868440060763959,RENAULT,SANDERO,RED / ROOI,2019.0,44.0,Female
868440060766515,CHEVROLET,UTILITY,WHITE / WIT,2014.0,58.0,Female
868440060769451,HONDA,CRV 2.0,BRONZE,2004.0,62.0,Female
868440060812681,SUZUKI,GRAND VITARA,WHITE / WIT,2023.0,62.0,Female
868440060817151,FORD,RANGER D/CAB,WHITE,2016.0,39.0,Male
868440060820874,TOYOTA,HIACE,WHITE / WIT,2022.0,65.0,Male
868440060837258,KIA,CERATO,BLUE / BLOU,2013.0,54.0,Female
868440060852166,SUZUKI,ERTIGA,SILVER,2019.0,60.0,Male
868440060872081,HYUNDAI,I20 FACELIFT,WHITE / WIT,2014.0,32.0,Male
869716064055537,HYUNDAI,VENUE,BLUE,2020.0,52.0,Male
869716064069793,NISSAN,NP 200,WHITE,2018.0,33.0,Male
869716064108500,HONDA,BRIO MOBILIO,WHITE / WIT,2017.0,58.0,Male
869716064121552,VOLKSWAGEN,VW 240-POLO VIVO,RED,2017.0,34.0,Female
869716064166102,CHERY,TIGGO 4 PRO,BLUE / BLOU,2022.0,40.0,Female
869716064172068,VOLKSWAGEN,VW 25X - POLO VIVO,SILVER / SILWER,2022.0,48.0,Male
869716064193726,HYUNDAI,IX35 LM FACELIFT,WHITE,2015.0,44.0,Male
869716064207591,TOYOTA,AVANZA,WHITE / WIT,2009.0,43.0,Female
869716064217970,HYUNDAI,CRETA 1.5 PREMIUM,WHITE,2023.0,34.0,Male
869716065996044,VOLKSWAGEN,VW 25X - POLO VIVO,GREY / GRYS,2019.0,57.0,Male
869716066015893,MERCEDES-BENZ,X 156,WHITE / WIT,2019.0,63.0,Female
869716066031254,SUZUKI,SWIFT,BLUE,2023.0,35.0,Female
869716066042467,SUZUKI,SWIFT,WHITE / WIT,2023.0,36.0,Male
869716066047946,TOYOTA,AURIS,SILVER,2013.0,30.0,Male
869716066068504,SUZUKI,S-PRESSO,WHITE,2021.0,58.0,Female
869716066069627,FORD,RANGER,SILVER / SILWER,2015.0,46.0,Female
869716066087496,KIA,PEGAS 1.4 LX,GREY,2022.0,40.0,Male
869716066099020,FORD,FIGO,WHITE,2019.0,53.0,Female
869716066100828,MAZDA,BT-50,WHITE,2017.0,41.0,Male
869716066106924,GREAT WALL MOTORS,HAVAL H2 JOLION,BLUE / BLOU,2021.0,51.0,Male
869716066163172,TOYOTA,ETIOS 1.5 Xi,WHITE,2017.0,62.0,Female
869716066188237,TOYOTA,STARLET,WHITE / WIT,2022.0,30.0,Female
869716066195570,NISSAN,NAVARA,WHITE / WIT,2019.0,42.0,Female
869716067395211,RENAULT,KWID,RED / ROOI,2020.0,56.0,Female
869716067428558,NISSAN,NP 200,WHITE,2010.0,64.0,Female
869716067445602,SUZUKI,SWIFT,WHITE / WIT,2023.0,50.0,Male
869716067458019,TOYOTA,HILUX 2.4 D LWB,WHITE,2021.0,47.0,Male
869716067460031,HYUNDAI,GRAND I10 1.2 FLUID,GREY,2021.0,43.0,Male
869716067475138,TOYOTA,AVANZA,WHITE / WIT,2019.0,52.0,Female
869716067481284,RENAULT,CLIO IV,GREY,2014.0,35.0,Female
869716067528837,MERCEDES-BENZ,W212,Other,2015.0,59.0,Male
869716067552399,FORD,RANGER,WHITE,2019.0,40.0,Female
869716068330829,KIA,SONET,WHITE,2023.0,27.0,Female
869716068332064,VOLKSWAGEN,POLO,RED,2012.0,41.0,Female
869716068396481,HYUNDAI,H1 12 SEATER,WHITE /,2018.0,30.0,Male
869716068419028,TOYOTA,YARIS,RED,2019.0,33.0,Male
869716068434779,TOYOTA,ETIOS,WHITE,2019.0,40.0,Female
869716068439638,NISSAN,NP 200,WHITE,2020.0,48.0,Male
869716068490862,SUZUKI,CELERIO 1.0 GA,WHITE,2015.0,37.0,Male
869716068514612,BAIC,X55 1.5T DYNAMIC A/T,SILVER GREY / SILWERGRYS,2023.0,56.0,Male
869716068526848,HYUNDAI,TUCSON,WHITE,2020.0,51.0,Male
869716068548230,RENAULT,KWID,BLUE / BLOU,2022.0,61.0,Male
869716068563833,MAZDA,MAZDA CX-3,GREY,2023.0,40.0,Female
860305051131037,HYUNDAI,ACCENT,GREY,2022.0,56.0,Male
860305051136689,SUZUKI,SWIFT,WHITE,2021.0,56.0,Female
860305051215897,TOYOTA,FORTUNER,WHITE,2006.0,70.0,Male
860305051325589,HYUNDAI,i10,WHITE,2014.0,70.0,Female
860305051328666,CHERY,TIGGO,SILVER,2023.0,45.0,Male
860305051330316,ISUZU,D-MAX,WHITE / WIT,2022.0,42.0,Male
860305054929874,RENAULT,TRIBER,YELLOW / GEEL,2023.0,55.0,Female
860305054933272,MERCEDES-BENZ,W 205,WHITE / WIT,2018.0,37.0,Female
860305054935012,SUZUKI,SWIFT,RED / ROOI,2023.0,74.0,Male
860305054940632,HAVAL,JOLION,WHITE,2023.0,56.0,Female
860305054941275,NISSAN,NP 200,WHITE,2023.0,48.0,Female
860305054974375,TOYOTA,FORTUNER,WHITE / WIT,2008.0,60.0,Male
860305055016507,HONDA,AMAZE,SILVER / SILWER,2020.0,40.0,Male
860305055043196,VOLKSWAGEN,VW 27X - POLO,GREY / GRYS,2019.0,30.0,Male
860305056125588,TOYOTA,URBAN CRUISER,ORANGE,2022.0,46.0,Female
860305056131768,AUDI,AU 350-A3,RED / ROOI,2012.0,65.0,Male
860305056141221,MAZDA,MAZDA 3,PURPLE / PERS,2008.0,51.0,Male
860305056149034,SUZUKI,BALENO,RED,2023.0,36.0,Female
860305056151402,CHERY,TIGGO 4 PRO 1.5  URBAN,RED,2023.0,53.0,Female
860305056152319,TOYOTA,YARIS,SILVER / SILWER,2018.0,56.0,Female
860305056160544,MERCEDES-BENZ,W166,WHITE / WIT,2016.0,55.0,Male
860305056177563,SUZUKI,SWIFT,WHITE / WIT,2022.0,72.0,Male
860305056182167,VOLKSWAGEN,VW 27X - POLO,Other,2019.0,31.0,Male
860305056208111,VOLKSWAGEN,VW 251 - POLO,WHITE / WIT,2022.0,59.0,Male
860305056245915,VOLKSWAGEN,VW 240-POLO,GREY / GRYS,2008.0,44.0,Male
860305056249842,NISSAN,ALMERA,GREY,2003.0,56.0,Female
860305056284872,TOYOTA,AVANCE 1.5,WHITE,2013.0,43.0,Male
860305056285978,TOYOTA,AVANZA,WHITE / WIT,2021.0,36.0,Female
860305056463005,SUZUKI,S-PRESSO,WHITE,2023.0,27.0,Female
860305056468558,KIA,RIO,RED / ROOI,2022.0,39.0,Female
860305056473418,CHERY,TIGGO 4 PRO 1.5  URBAN,GREY,2023.0,66.0,Female
860305056491717,VOLKSWAGEN,POLO VIVO,SILVER,2023.0,71.0,Female
860305056494109,MERCEDES-BENZ,C200,SILVER,2009.0,37.0,Male
860305056507835,VOLKSWAGEN,VW 27X-POLO,WHITE,2022.0,39.0,Female
860305056559273,GREAT WALL MOTORS,HAVAL H2 JOLION,BLUE / BLOU,2022.0,59.0,Female
860305056585138,NISSAN,NP 200,WHITE / WIT,2022.0,56.0,Female
860305056709761,TOYOTA,HILUX,WHITE / WIT,2018.0,48.0,Male
860305056711064,SUZUKI,ERTIGA,WHITE,2023.0,41.0,Female
860305056742812,TOYOTA,COROLLA,GOLD / GOUD,2013.0,48.0,Male
860305056744214,FORD,RANGER,GREY / GRYS,2020.0,39.0,Male
860305056803598,NISSAN,NP 200,WHITE / WIT,2019.0,29.0,Male
860305056847371,TOYOTA,URBAN CRUISER 1.5 XI,BLUE,2022.0,38.0,Female
860305057001515,TOYOTA,HILUX,WHITE / WIT,2011.0,53.0,Male
860305057009203,KIA,K 2700 WORKHORSE P/U S/C,WHITE,2023.0,43.0,Female
860305057038053,MERCEDES-BENZ,W203,WHITE / WIT,2007.0,66.0,Male
860305057059828,TOYOTA,STARLET,WHITE / WIT,2022.0,51.0,Female
860305057064273,TOYOTA,COROLLA QUEST,WHITE,2019.0,63.0,Male
860305057064638,VOLKSWAGEN,POLO 1.0 TSI,WHITE,2023.0,47.0,Female
860305057066435,NISSAN,NP 200,WHITE / WIT,2013.0,45.0,Male
860305057083422,VOLKSWAGEN,VW 25X - POLO VIVO,BLUE / BLOU,2019.0,47.0,Male
864714060536704,RENAULT,SANDERO,BLUE / BLOU,2021.0,27.0,Female
864714060537900,NISSAN,MAGNITE,SILVER,2023.0,56.0,Female
864714060565208,ISUZU,D-MAX,WHITE / WIT,2023.0,50.0,Male
864714060571628,VOLKSWAGEN,VN 750-KOMBI,WHITE / WIT,2011.0,,
864714060582203,TOYOTA,COROLLA CROSS,WHITE,2022.0,58.0,Female
864714060586949,SUZUKI,S-PRESSO 1.0 GL 5MT,GRAY / GRYS,2022.0,36.0,Male
864714060588960,SUZUKI,VITARA BREZZA,ORANGE / ORANJE,2023.0,,
864714060615706,,,,,,
864714060617082,TOYOTA,HILUX,WHITE / WIT,2017.0,64.0,Male
864714060678183,KIA,SORENTO,SILVER,2012.0,53.0,Female
864714060688489,HAVAL,H6 GT 2.0T  SUPER LUXURY 4X4 DCT,WHITE,2023.0,56.0,Female
864714060705952,CHERY,TIGGO 7 PRO,WHITE,2023.0,44.0,Male
864714061746278,HONDA,WR-V,GREY,2021.0,37.0,Male
868440060000030,TOYOTA,STARLET,GREY,2022.0,44.0,Male
868440060055984,HYUNDAI,CRETA GS,BLUE,2018.0,54.0,Female
868440060056867,TOYOTA,HILUX,WHITE / WIT,2018.0,42.0,Male
868440060085700,TOYOTA,FORTUNER 2.4 GD6 R/B,WHITE,2017.0,73.0,Male
868440060102281,VOLKSWAGEN,VW24X-POLO,WHITE,2022.0,55.0,Male
868440060107256,NISSAN,NP 200,WHITE,2018.0,69.0,Female
868440060113379,MERCEDES-BENZ,A200 STYLE,GREY,2018.0,35.0,Male
868440060119400,VOLKSWAGEN,VW 27X - POLO,Other,2019.0,31.0,Male
868440060723250,NISSAN,ALMERA,WHITE / WIT,2022.0,41.0,Female
868440060745378,MAZDA,CX-5,GREY,2023.0,38.0,Female
868440060805438,FORD,RANGER 2.2TDCi L/R P/U S/C,WHITE,2019.0,38.0,Female
868440060852117,VOLKSWAGEN,POLO 1.0 TSI (2022 - 2023),SILVER,2021.0,33.0,Male
869716064053110,HYUNDAI,VENUE 1.0 TGDI MOTION,SILVER,2020.0,42.0,Female
869716064103881,NISSAN,X-TRAIL,GREY / GRYS,2018.0,52.0,Male
869716064108450,CHERY,TIGGO 8 PRO,BLUE,2022.0,38.0,Male
869716064111322,KIA,PICANTO 1.0 START,SILVER,2022.0,55.0,Male
869716064137178,SUZUKI,S-PRESSO,WHITE,2023.0,35.0,Female
869716064165872,MERCEDES-BENZ,W 205,Other,2016.0,57.0,Male
869716064180871,BMW,X3,WHITE / WIT,2010.0,45.0,Female
869716064191613,HYUNDAI,VENUE,RED / ROOI,2020.0,44.0,Female
869716064191894,SUZUKI,SWIFT 1.4,SILVER / SILWER,2013.0,61.0,Male
869716064201842,HYUNDAI,VENUE,WHITE / WIT,2020.0,52.0,Male
869716064220305,MAZDA,MAZDA CX-30,RED / ROOI,2023.0,,
869716065990179,TOYOTA,HiluxDC 2.8GD6 4X4 LGD AT,WHITE,2022.0,59.0,Male
869716065991961,HYUNDAI,GRAND i10,RED,2019.0,59.0,Male
869716066013377,HONDA,BR-V,WHITE / WIT,2016.0,46.0,Female
869716066019549,VOLKSWAGEN,VW 370 - GOLF,SILVER,2021.0,57.0,Male
869716066020976,TOYOTA,COROLLA,WHITE,2014.0,37.0,Male
869716066025264,NISSAN,NP 200,WHITE / WIT,2017.0,35.0,Male
869716066077091,FORD,RANGER,WHITE,2021.0,57.0,Male
869716066108409,SUZUKI,S-PRESSO,SILVER / SILWER,2021.0,48.0,Male
869716066117152,KIA,PICANTO 1.0 STREET A/T,SILVER,2023.0,36.0,Female
869716066117863,SUZUKI,BALENO,BLUE,2023.0,46.0,Male
869716066120446,TOYOTA,HILUX 2.4 GD S A/C P/U S/C,SILVER,2023.0,36.0,Female
869716066120750,HONDA,AMAZE 1.2 TREND,GREY,2023.0,39.0,Female
869716066129082,NISSAN,NP200,WHITE,2023.0,,
869716066132995,RENAULT,KWID,WHITE,2022.0,34.0,Male
869716066180374,MERCEDES-BENZ,A 180 CDI ELEGANCE A/T,WHITE,2017.0,58.0,Female
869716067368697,JEEP,CHEROKEE,SILVER / SILWER,2016.0,47.0,Female
869716067401464,HYUNDAI,VENUE,WHITE / WIT,2021.0,59.0,Male
869716067438649,FORD,RANGER,WHITE,2023.0,57.0,Male
869716067444175,KIA,SPORTAGE,GREY,2012.0,59.0,Male
869716067464587,MAHINDRA,PIK UP,BLACK / SWART,2023.0,57.0,Female
869716067516964,RENAULT,KADJAR 1.2T DYNAMIQUE,GOLD,2016.0,38.0,Female
869716067552407,HYUNDAI,I20 IB,ORANGE,2019.0,42.0,Female
869716068438754,SUZUKI,ERTIGA,WHITE,2021.0,41.0,Female
869716068469635,TOYOTA,HILUX,SILVER / SILWER,2019.0,69.0,Female
869716068518860,TOYOTA,FORTUNER,SILVER,2013.0,46.0,Male
860305051164863,CHEVROLET,UTILITY 1.4 A/C P/U S/C,WHITE,2015.0,41.0,Male
860305051165738,VOLKSWAGEN,VW 48X - PASSAT,WHITE / WIT,2016.0,62.0,Male
860305051176032,TOYOTA,VERSO 1.6 SX,SILVER,2012.0,45.0,Male
860305051231225,SUZUKI,S-PRESSO,SILVER / SILWER,2023.0,45.0,Female
860305051304311,OPEL,ASTRA,WHITE,2017.0,50.0,Female
860305051322370,HYUNDAI,i10 1.1 GLS/MOTION,BLACK,2012.0,63.0,Female
860305051332304,SUZUKI,SWIFT,GREY / GRYS,2019.0,60.0,Female
860305051335406,HYUNDAI,ATOS,GREY / GRYS,2021.0,34.0,Male
860305052209063,SUZUKI,ERTIGA 1.5 GA,BLUE,2023.0,57.0,Male
860305054930781,SUZUKI,JIMNY,BLUE,2018.0,69.0,Male
860305054932175,SUZUKI,SWIFT 1.2 GA,GREY,2023.0,43.0,Male
860305054965803,CHERY,TIGGO 4 PRO 1.5 COMFORT CVT,GREY,2023.0,66.0,Male
860305054969375,SUZUKI,SWIFT,SILVER / SILWER,2021.0,34.0,Female
860305055041810,SUZUKI,ERTIGA,WHITE / WIT,2022.0,67.0,Male
860305055053088,HYUNDAI,H100,WHITE,2019.0,50.0,Male
860305055054243,KIA,RIO 1.2 LS 5DR,BROWN,2023.0,30.0,Female
860305056143177,HYUNDAI,ACCENT,SILVER,2017.0,43.0,Female
860305056181292,TOYOTA,QUANTAM 2010 15 SEATER,WHITE,2016.0,43.0,Male
860305056182043,KIA,RIO 1.4 LX A/T 5DR,GREY,2020.0,55.0,Female
860305056186523,OPEL,CORSA PICK-UP,WHITE / WIT,2007.0,60.0,Male
860305056202742,VOLKSWAGEN,VW 250 - POLO,GREY / GRYS,2023.0,,
860305056227038,GWM,STEED 5 2.0 S S/C P/U,WHITE,2023.0,,
860305056262522,HYUNDAI,i20,WHITE / WIT,2012.0,59.0,Male
860305056284435,VOLKSWAGEN,POLO 1.4 TRENDLINE,SILVER,2015.0,63.0,Male
860305056294228,KIA,PEGAS 1.4 LX,BLUE,2023.0,57.0,Male
860305056462361,HYUNDAI,i20,GREY,2023.0,29.0,Female
860305056516596,TOYOTA,COROLLA QUEST 1.6,WHITE,2021.0,37.0,Male
860305056521539,FORD,ECOSPORT,WHITE / WIT,2017.0,58.0,Female
860305056521554,TOYOTA,AYGO,SILVER / SILWER,2015.0,35.0,Male
860305056541628,NISSAN,X-TRAIL,WHITE / WIT,2019.0,55.0,Male
860305056558556,NISSAN,QASHQAI 1.2T VISIA,WHITE,2016.0,51.0,Male
860305056560883,HYUNDAI,GETZ 1.4 HS,BLACK,2006.0,54.0,Female
860305056683206,TOYOTA,ETIOS,WHITE,2019.0,52.0,Male
860305056693874,HYUNDAI,GRAND i10 1.0 MOTION,WHITE,2023.0,45.0,Female
860305056744644,TOYOTA,LAND CRUISER PRADO,WHITE / WIT,2015.0,49.0,Female
860305056757760,HYUNDAI,CRETA,WHITE / WIT,2023.0,58.0,Female
860305056784442,RENAULT,SANDERO,WHITE / WIT,2019.0,39.0,Female
860305056803028,TOYOTA,ETIOS,SILVER / SILWER,2012.0,27.0,Male
860305056805635,NISSAN,MICRA - 5 DOOR HATCHBACK,BLUE / BLOU,2019.0,46.0,Male
860305056843065,ISUZU,KB,WHITE / WIT,2013.0,50.0,Male
860305056849633,HYUNDAI,GRAND i10,MAROON,2023.0,42.0,Female
860305056861265,RENAULT,KWID,WHITE,2023.0,,
860305056861448,SMART,W 453,WHITE / WIT,2018.0,53.0,Female
860305056998836,HYUNDAI,i20,WHITE / WIT,2023.0,67.0,Male
860305057001085,NISSAN,ALMERA 1.5 ACENTA,BROWN,2019.0,67.0,Male
860305057035448,ISUZU,D-MAX,WHITE / WIT,2023.0,32.0,Male
860305057039002,FORD,FIESTA,BRONZE / BRONS,2015.0,37.0,Female
860305057050363,HYUNDAI,i10,WHITE,2012.0,44.0,Female
860305057067672,CHEVROLET,AVEO 1.6 LS 5Dr,SILVER,2012.0,68.0,Female
861755076745055,MINI,MINI HATCHBACK,BLACK,2010.0,65.0,Male
864714060539468,KIA,PICANTO-JA,SILVER,2022.0,51.0,Male
864714060581726,CHRYSLER,SEBRING,BLACK,2008.0,69.0,Male
864714060582518,FORD,RANGER XLT,WHITE,2019.0,59.0,Male
864714060618114,SUZUKI,ERTIGA,BLUE / BLOU,2023.0,56.0,Male
864714060623866,ISUZU,D-MAX,WHITE,2018.0,29.0,Male
864714060633600,SUZUKI,GRAND VITARA 1.5 GL,SILVER,2023.0,27.0,Male
864714060699486,RENAULT,CLIO IV 900 T DYNAMIQUE 5DR (66KW),SILVER,2013.0,29.0,Female
864714060704419,SUZUKI,DZIRE,WHITE,2021.0,64.0,Male
864714060710358,VOLKSWAGEN,POLO VIVO 1.6 GT 3Dr,SILVER,2013.0,36.0,Female
864714060714475,NISSAN,TIIDA,WHITE,2010.0,43.0,Female
864714060720365,SUZUKI,S-PRESSO,GREY / GRYS,2023.0,62.0,Female
864714062316097,HYUNDAI,ACCENT,WHITE,2015.0,47.0,Male
864714062347217,TOYOTA,HILUX 2.4 GD-6 R/B RAIDER A/T P/U D/C,GREY,2023.0,55.0,Male
864714062352050,NISSAN,NAVARA 2.5 dCi  XE P/U D/C,UNKNOWN,2010.0,64.0,Male
864714062359154,FORD,RANGER,WHITE,2018.0,54.0,Female
864714062360129,SUZUKI,ERTIGA,SILVER,2024.0,50.0,Female
868440060032140,MERCEDES-BENZ,ML 320 CDI A/T,SILVER,2008.0,54.0,Female
868440060069217,KIA,RIO-YB,WHITE / WIT,2017.0,44.0,Female
868440060705455,RENAULT,TRIBER,YELLOW / GEEL,2022.0,46.0,Male
868440060727814,RENAULT,KWID,Other,2019.0,26.0,Male
868440060730214,ISUZU,D-MAX 250 HO HI-RIDE D/C P/U,WHITE,2021.0,38.0,Male
868440060741849,TOYOTA,HILUX,WHITE / WIT,2019.0,32.0,Male
868440060778221,FIAT,500,BLUE / BLOU,2019.0,40.0,Female
868440060780797,RENAULT,KIGER,SILVER,2023.0,60.0,Female
868440060784484,VOLKSWAGEN,VW 251 - POLO,SILVER,2013.0,56.0,Female
868440060825394,SUZUKI,SWIFT,WHITE,2023.0,56.0,Male
868440060833919,TOYOTA,STARLET 1.5 XS A/T,SILVER,2023.0,52.0,Female
868440060838876,NISSAN DIESEL,NP200,WHITE,2021.0,38.0,Female
869716064051783,CHERY,OMODA,BLACK,2023.0,55.0,Male
869716064098768,HONDA,CIVIC  1.8 EXECUTIVE 5DR,MAROON,2012.0,46.0,Male
869716064101562,PEUGEOT,3008,WHITE / WIT,2017.0,41.0,Female
869716064118020,KIA,RIO 1.2 LS 5DR,BLUE,2021.0,38.0,Male
869716064172845,KIA,PICANTO-JA,WHITE / WIT,2018.0,38.0,Female
869716065988538,TOYOTA,ETIOS,GREY / GRYS,2017.0,37.0,Female
869716066045593,NISSAN,NP 200,WHITE,2020.0,46.0,Male
869716066074627,NISSAN,MAGNITE,BLUE / BLOU,2022.0,54.0,Female
869716066082943,HYUNDAI,I20 FACELIFT,WHITE / WIT,2013.0,31.0,Male
869716066084162,LAND ROVER,DISCOVERY3 (TYPE LA),WHITE / WIT,2005.0,63.0,Male
869716066084477,BMW,X5 xDRIVE30d,WHITE,2023.0,,
869716066109837,TOYOTA,HILUX,WHITE / WIT,2010.0,62.0,Male
869716066112815,HYUNDAI,I20 IB,GREY,2015.0,28.0,Female
869716066123598,RENAULT,TRIBER,WHITE,2023.0,46.0,Female
869716066132599,RENAULT,TRIBER,SILVER,2023.0,57.0,Female
869716066136715,TOYOTA,COROLLA CROSS,WHITE,2023.0,56.0,Female
869716066152985,FORD,RANGER 3.2TDCi 3.2 WILDTRAK 4X4 A/T P/U D/C,SILVER,2015.0,31.0,Male
869716066162364,VOLKSWAGEN,VW 250 - POLO,Other,2018.0,36.0,Male
869716067363227,HYUNDAI,i20 1.4 A/T,WHITE,2010.0,65.0,Female
869716067373549,VOLKSWAGEN,POLO GP 1.0 TSI R-LINE DSG,WHITE,2017.0,47.0,Female
869716067375585,ISUZU,KB 250 D-TEQ LE P/U D/C,UNKNOWN,2014.0,35.0,Male
869716067404963,KIA,SONET,RED / ROOI,2023.0,41.0,Female
869716067412412,TOYOTA,AVANZA,GOLD / GOUD,2018.0,35.0,Male
869716067446857,KIA,PICANTO-JA,ORANGE / ORANJE,2018.0,47.0,Female
869716067487315,PEUGEOT,3008,WHITE,2018.0,30.0,Male
869716067488941,NISSAN,MAGNITE,WHITE / WIT,2023.0,44.0,Female
869716067500190,HYUNDAI,GRAND i10 1.0 MOTION,GREY,2022.0,30.0,Female
869716067520032,HYUNDAI,ELANTRA AD,BLUE,2019.0,49.0,Male
869716067533480,VOLKSWAGEN,POLO VIVO 1.4 TRENDLINE (5DR),WHITE,2020.0,45.0,Male
869716067550864,MERCEDES-BENZ,W 176,BLUE / BLOU,2015.0,54.0,Male
869716067551326,RENAULT,KANGOO VAN,WHITE / WIT,2019.0,33.0,Female
869716068373159,RENAULT,TRIBER,WHITE / WIT,2023.0,36.0,Female
869716068412932,HYUNDAI,iX35,BLACK,2010.0,43.0,Male
869716068544296,VOLKSWAGEN,CADDY,WHITE,2015.0,60.0,Male
860305051256388,GREAT WALL MOTORS,HAVAL H6 HYBRID,RED / ROOI,2022.0,66.0,Male
860305051311290,CHEVROLET,UTILITY,SILVER,2023.0,63.0,Female
860305051316943,TOYOTA,AYGO,RED,2019.0,49.0,Male
860305051326413,CHEVROLET,AVEO 1.5 LS 5Dr,WHITE,2007.0,63.0,Male
860305051328005,NISSAN,HARDBODY,WHITE,2008.0,65.0,Male
860305051334524,TOYOTA,COROLLA,BLUE / BLOU,2018.0,62.0,Male
860305051464628,VOLKSWAGEN,VW 361-16,GOLD / GOUD,2013.0,41.0,Male
860305051523241,HYUNDAI,GRAND i10 1.25 FLUID,RED,2018.0,47.0,Male
860305051544171,ISUZU,KB,WHITE / WIT,2013.0,54.0,Female
860305051565135,VOLKSWAGEN,VW 250 - POLO,SILVER / SILWER,2014.0,50.0,Male
860305052192228,NISSAN,QASHQAI,WHITE / WIT,2014.0,57.0,Male
860305054935111,NISSAN,LIVINA X-GEAR,WHITE / WIT,2009.0,69.0,Male
860305054946027,FORD,FIESTA,BLUE,2021.0,44.0,Female
860305054959665,HONDA,BR-V 1.5 COMFORT CVT,SILVER,2023.0,52.0,Female
860305054970803,HYUNDAI,VENUE,WHITE / WIT,2021.0,48.0,Female
860305055021473,TOYOTA,HILUX,WHITE / WIT,2022.0,65.0,Male
860305055026167,HYUNDAI,GRAND I10 AI3,GREY / GRYS,2022.0,48.0,Female
860305055037495,TOYOTA,URBAN CRUISER,BLUE,2021.0,33.0,Male
860305055040317,MITSUBISHI,TRITON,WHITE / WIT,2015.0,45.0,Female
860305055055232,HYUNDAI,GRAND I10 AI3,SILVER / SILWER,2021.0,48.0,Male
860305056124748,HYUNDAI,ATOS,SILVER / SILWER,2023.0,62.0,Female
860305056136353,OPEL,CORSA,SILVER / SILWER,2005.0,66.0,Female
860305056191044,HONDA,CR-V,SILVER,2014.0,68.0,Male
860305056206867,CHEVROLET,SPARK,WHITE / WIT,2014.0,46.0,Female
860305056230537,NISSAN,NP 200,WHITE,2023.0,60.0,Male
860305056246723,TOYOTA,COROLLA,BLUE,2018.0,44.0,Female
860305056247242,TOYOTA,COROLLA VERSO,BLUE,2014.0,67.0,Female
860305056250279,TOYOTA,ETIOS 1.5 Xi,WHITE / WIT,2014.0,46.0,Male
860305056261789,VOLKSWAGEN,VW 25X - POLO VIVO,BLUE / BLOU,2019.0,52.0,Female
860305056471289,VOLKSWAGEN,AMAROK 2.0 BiTDi HIGHLINE 132KW 4MOT A/T D/C P/U,WHITE,2014.0,49.0,Male
860305056501630,KIA,PICANTO-JA,BLUE / BLOU,2018.0,45.0,Male
860305056508312,NISSAN,NP 200,WHITE,2023.0,40.0,Male
860305056523063,HYUNDAI,GRAND I10 1.25 FLUID (2014 - 2018),GREY,2023.0,39.0,Female
860305056538475,NISSAN,NP300 HARDBODY,WHITE,2018.0,59.0,Male
860305056540067,HYUNDAI,GRAND I10 AI3,WHITE,2021.0,34.0,Male
860305056544978,SUZUKI,BALENO 1.5 GL A/T,WHITE,2023.0,34.0,Female
860305056708631,KIA,SELTOS GT,RED / ROOI,2023.0,50.0,Female
860305056746854,TOYOTA,COROLLA CROSS 1.8 XS CVT,GREY,2022.0,43.0,Female
860305056749593,VOLKSWAGEN,POLO VIVO,BLUE,2022.0,33.0,Female
860305056768429,HYUNDAI,ACCENT,WHITE / WIT,2015.0,56.0,Male
860305056779426,KIA,RIO,RED / ROOI,2013.0,50.0,Female
860305056827449,ISUZU,D-MAX,GREY / GRYS,2023.0,40.0,Male
860305056828868,BMW,F20 1 SERIES,WHITE / WIT,2018.0,45.0,Female
860305056842380,NISSAN,NP 200,WHITE / WIT,2018.0,50.0,Male
860305056846340,HYUNDAI,GRAND I10 AI3,GREY / GRYS,2021.0,40.0,Female
860305057005243,VOLKSWAGEN,VW 370 - GOLF,SILVER / SILWER,2020.0,34.0,Male
860305057007801,MAHINDRA,PIK UP,WHITE,2023.0,32.0,Female
860305057051262,VOLKSWAGEN,VW 250 - POLO,RED / ROOI,2013.0,63.0,Female
860305057061337,MERCEDES-BENZ,W 205,SILVER,2015.0,59.0,Female
860305057071963,NISSAN,MICRA-5DOORHATCHBACK,RED / ROOI,2014.0,48.0,Female
860305057074488,HYUNDAI,H-100,WHITE,2023.0,32.0,Male
860305057075980,VOLKSWAGEN,VW 250 - POLO,SILVER / SILWER,2010.0,33.0,Male
860305057081475,VOLKSWAGEN,POLO 1.0 TSI COMFORTLINE,SILVER,2019.0,33.0,Male
861755076743548,VOLKSWAGEN,POLO,SLIVER,2018.0,40.0,Male
861755076748125,VOLKSWAGEN,VW24X-POLO,WHITE,2009.0,55.0,Male
861755076825451,HYUNDAI,GRAND i10,MAROON,2017.0,32.0,Male
864714060543882,KIA,SELTOS GL M/T DIESEL,WHITE /  WIT,2022.0,56.0,Male
864714060573343,VOLKSWAGEN,POLO,MAROON,2023.0,40.0,Female
864714060581528,NISSAN,NP300,WHITE,2013.0,43.0,Male
864714060591485,KIA,OPTIMA,WHITE / WIT,2013.0,30.0,Male
864714060600294,SUBARU,FORESTER 2.5,GREY,2011.0,52.0,Male
864714060603876,PEUGEOT,207,SILVER,2011.0,55.0,Female
864714060609733,MERCEDES-BENZ,C220D A/T,SILVER,2020.0,53.0,Female
864714060610939,ISUZU,D-MAX,WHITE,2019.0,59.0,Male
864714060627693,VOKSWAGEN,POLO,SILVER,2021.0,53.0,Male
864714060637221,HONDA,AMAZE,Other,2022.0,33.0,Male
864714060638880,VOLKSWAGEN,VW 250 - POLO,RED,2011.0,39.0,Male
864714060659910,CHERY,TIGGO 4 PRO,GREY,2023.0,50.0,Female
864714060689859,SUZUKI,ERTIGA,SILVER,2023.0,43.0,Male
864714061746286,HYUNDAI,i20,WHITE,2024.0,31.0,Female
864714062359097,VOLKSWAGEN,POLO VIVO,BLUE,2023.0,50.0,Male
868440060001061,KIA,K2700,WHITE / WIT,2008.0,57.0,Male
868440060061131,VOLKSWAGEN,VW 240-POLO VIVO,WHITE / WIT,2014.0,54.0,Female
868440060073169,SUZUKI,ERTIGA,WHITE / WIT,2023.0,50.0,Female
868440060094942,RENAULT,DUSTER,RED/ROOI,2015.0,47.0,Male
868440060708145,SUZUKI,SWIFT 1.2 GA,SILVER,2023.0,32.0,Female
868440060716957,VOLKSWAGEN,VW 250 - POLO,BLUE,2015.0,38.0,Female
868440060723847,JEEP,WRANGLER UNLIMITED,SILVER / SILWER,2014.0,44.0,Male
868440060727244,SUZUKI,SWIFT DZIRE,GREY / GRYS,2015.0,49.0,Male
868440060740577,VOLKSWAGEN,POLO VIVO 1.4 COMFORTLINE (5DR),WHITE,2019.0,40.0,Male
868440060757068,RENAULT,TRIBER,SILVER,2023.0,42.0,Male
868440060764429,TOYOTA,AGYA,GREY,2021.0,40.0,Female
868440060774626,DATSUN,GO + 1.2 (7 SEAT),GREY,2017.0,47.0,Male
868440060780193,TOYOTA,COROLLA,WHITE / WIT,2010.0,53.0,Male
868440060802419,TOYOTA,YARIS,SILVER,2019.0,49.0,Male
868440060817193,SUZUKI,S-PRESSO,SILVER,2023.0,,
869716064070023,HINO,200 310 (FH2) 4X2 F/C,WHITE,2023.0,,
869716064084040,VOLKSWAGEN,VW 326 - TIGUAN,BEIGE,2014.0,53.0,Male
869716064103469,TOYOTA,ETIOS,CHAMPAGNE,2014.0,40.0,Male
869716064105258,BAIC,X55 1.5T DYNAMIC A/T,GREY,2023.0,45.0,Male
869716064123772,TOYOTA,YARIS,SILVER,2019.0,45.0,Female
869716064144398,HYUNDAI,i10,BLUE,2018.0,73.0,Female
869716064147037,MERCEDES- BENZ,C200,SILVER,2013.0,43.0,Male
869716064160725,MAZDA,MAZDA 2,WHITE,2012.0,47.0,Male
869716064161673,RENAULT,MEGANE,BLUE / BLOU,2020.0,29.0,Male
869716064206130,BMW,3 SERIES,WHITE,2014.0,46.0,Female
869716064222632,HYUNDAI,H-100,WHITE / WIT,2023.0,59.0,Male
869716065985468,SUZUKI,ERTIGA,WHITE,2023.0,50.0,Female
869716066099491,BMW,4 SERIES CONVERTIBLE,SILVER / SILWER,2016.0,48.0,Male
869716066116055,VOLKSWAGEN,VW 251 - POLO,WHITE,2018.0,43.0,Male
869716066163289,SUZUKI,S-PRESSO,SILVER / SILWER,2023.0,35.0,Male
869716066169294,ISUZU,D-MAX,WHITE,2021.0,53.0,Male
869716067370453,MERCEDES-BENZ,A 180 CDI AVANTGARDE A/T,SILVER /SILWER,2012.0,60.0,Male
869716067386269,HYUNDAI,BAKKIE,WHITE / WIT,2023.0,53.0,Male
869716067390154,SUZUKI,ERTIGA 1.5 GA  (2019 - 2022),SILVER,2023.0,47.0,Male
869716067394305,HONDA,CIVIC,GREY / GRYS,2016.0,60.0,Female
869716067412305,TOYOTA,HIACE,WHITE / WIT,2023.0,48.0,Male
869716067446287,FORD,ECOSPORT,RED,2018.0,42.0,Female
869716067480542,BMW,118i,BLUE,2013.0,45.0,Male
869716067525734,HYUNDAI,CRETA,GREY,2023.0,55.0,Male
869716067546011,HYUNDAI,I20 IB,WHITE,2020.0,29.0,Female
869716068334854,TOYOTA,HILUX,WHITE,2023.0,49.0,Male
869716068397406,HYUNDAI,CRETA,WHITE,2022.0,58.0,Female
869716068405670,TOYOTA,COROLLA QUEST,SILVER,2022.0,46.0,Male
869716068414516,TOYOTA CORROLA,COROLLA,SILVER,2017.0,36.0,Male
869716068487991,HYUNDAI,i10,WHITE / WIT,2014.0,58.0,Female
869716068506345,SUZUKI,DZIRE,SILVER,2019.0,55.0,Male
869716068509448,VOLKSWAGEN,VW 25X - POLO VIVO,WHITE,2023.0,37.0,Male
869716068530386,KIA,SPORTAGE MANUAL 2X4,GREY / GRYS,2009.0,57.0,Female
860305051125583,MAZDA,CX-3,BROWN,2015.0,61.0,Male
860305051137612,VOLKSWAGEN,VW 240-POLO VIVO,YELLOW,2017.0,26.0,Female
860305051149039,TOYOTA,ETIOS,WHITE,2019.0,41.0,Male
860305051170696,MERCEDES-BENZ,GLA 200 A/T,SILVER,2019.0,61.0,Female
860305051322768,VOLKSWAGEN,VW 25X - POLO VIVO,BLUE / BLOU,2023.0,32.0,Male
860305051512772,HYUNDAI,I20 1.6 (2009 - 2012),SILVER,2011.0,40.0,Male
860305054939204,SUZUKI,S-PRESSO,RED / ROOI,2021.0,37.0,Male
860305054972122,HAVAL,JOLION 1.5T LUXURY DCT,BLUE,2023.0,62.0,Female
860305055008082,ISUZU,KB,WHITE,2023.0,49.0,Male
860305055016515,TOYOTA,COROLLA CROSS,WHITE / WIT,2022.0,60.0,Female
860305055027256,RENAULT,KWID,BROWN,2019.0,61.0,Female
860305055041620,SUZUKI,ALTO,WHITE / WIT,2011.0,70.0,Female
860305056130620,HYUNDAI,ATOS,SILVER / SILWER,2021.0,61.0,Male
860305056163050,OPEL,CORSA PICK-UP,WHITE,2007.0,41.0,Male
860305056182134,RENAULT,KIGER,WHITE / WIT,2023.0,38.0,Male
860305056200241,JEEP,CHEROKEE,GREY,2015.0,65.0,Female
860305056201967,VOLKSWAGEN,POLO VIVO 1.4 COMFORTLINE (5DR),SILVER,2022.0,50.0,Female
860305056206024,VOLKSWAGEN,POLO,SILVER,2017.0,51.0,Male
860305056209911,TOYOTA,HILUX,WHITE / WIT,2022.0,45.0,Female
860305056233465,FORD,RANGER,WHITE / WIT,2013.0,48.0,Male
860305056256391,RENAULT,SANDERO,BLUE / BLOU,2020.0,37.0,Female
860305056258207,DATSUN,GO,SILVER / SILWER,2020.0,61.0,Female
860305056264940,MAZDA,CX-5,RED,2019.0,59.0,Female
860305056280656,MERCEDES-BENZ,C200,WHITE,2012.0,43.0,Male
860305056299250,HYUNDAI,TUCSON,SILVER / SILWER,2020.0,57.0,Female
860305056458112,VOLKSWAGEN,VW 240-POLO VIVO,Other,2016.0,43.0,Male
860305056477344,BMW,116i,GREY,2015.0,43.0,Male
860305056487988,TOYOTA,COROLLA,WHITE,2020.0,37.0,Male
860305056510888,TOYOTA,COROLLA,BLUE,2021.0,56.0,Male
860305056514161,HYUNDAI,ATOS,GREY / GRYS,2021.0,38.0,Female
860305056538285,GREAT WALL MOTORS,HAVAL H2 2WD,RED / ROOI,2021.0,54.0,Male
860305056572839,HYUNDAI,TUCSON 2.0 ELITE A/T,BLACK,2017.0,60.0,Male
860305056581160,SUZUKI,SWIFT,METALIC GOLD,2023.0,33.0,Male
860305056676655,TOYOTA,HILUX,WHITE / WIT,2022.0,39.0,Male
860305056680236,VOLKSWAGEN,CITIVIVO 1.4 5DR,Other,2017.0,58.0,Male
860305056726823,FORD,RANGER 2.2TDCi P/U D/C,WHITE,2016.0,67.0,Male
860305056739271,TOYOTA,TAZZ,Other,2005.0,69.0,Female
860305056785621,TOYOTA,STARLET,WHITE,2023.0,38.0,Female
860305056802699,TOYOTA,HILUX D4D,WHITE,2005.0,62.0,Male
860305056806070,BAIC,BEIJING X55 1.5T DYNAMIC A/T,GREY,2023.0,32.0,Female
860305056832100,HONDA,BRIO,GREY / GRYS,2017.0,35.0,Female
860305056997671,FORD,FIGO,WHITE / WIT,2019.0,52.0,Male
860305057004907,NISSAN,X-TRAIL,BLUE / BLOU,2018.0,60.0,Male
860305057014625,SUZUKI,ERTIGA 1.5 GA,WHITE,2023.0,38.0,Female
860305057031546,TATA,INDICA PETROL,WHITE / WIT,2015.0,53.0,Male
860305057072797,LAND ROVER,RANGE ROVER SPORT (TYPE LS),WHITE,2011.0,53.0,Male
860305057081087,TOYOTA,STARLET,GREY / GRYS,2022.0,56.0,Male
863406070739128,NISSAN,NP200 1.6  A/C SAFETY PACK P/U,WHITE,2019.0,54.0,Female
864714060533156,TOYOTA,FORTUNER,WHITE,2010.0,31.0,Male
864714060677391,BMW,X5,GRAY / GRYS,2017.0,58.0,Male
864714061766839,TOYOTA CORROLA,COROLLA,WHITE,2009.0,52.0,Male
864714062360368,CHEVROLET,SPARK,WHITE,2015.0,49.0,Female
868440060064192,TOYOTA,COROLLA,SILVER,2019.0,41.0,Male
868440060118170,SUZUKI,SWIFT,WHITE,2022.0,34.0,Female
868440060698650,RENAULT,CAPTUR,BLUE / BLOU,2016.0,55.0,Female
868440060719084,CHEVROLET,UTILITY,WHITE / WIT,2013.0,43.0,Male
868440060756516,TOYOTA,HILUX 2.4 GD-6 R/B RAIDER A/T P/U D/C  (2020 - 2021),WHITE,2022.0,40.0,Male
868440060763694,HYUNDAI,GRAND i10 1.0 FLUID,RED,2023.0,40.0,Male
868440060767455,NISSAN,NP 200,WHITE / WIT,2021.0,35.0,Female
868440060790960,VOLKSWAGEN,POLO 1.6,WHITE,2022.0,46.0,Female
868440060793493,SUZUKI,ERTIGA 1.4 GA,WHITE,2015.0,54.0,Female
868440060806022,NISSAN,X-TRAIL,WHITE,2020.0,47.0,Male
868440060808176,HONDA,BRIO,WHITE,2015.0,29.0,Male
868440060818852,SUZUKI,CIAZ 1.5 GLX A/T,GREY,2020.0,59.0,Female
868440060864310,NISSAN,NP300 HARDBODY,WHITE / WIT,2018.0,52.0,Female
868440060871133,AUDI,A3 1.4T FSI SE STRONIC,SILVER,2015.0,46.0,Female
869716064063879,VOLKSWAGEN,VW - 12X - UP!,WHITE,2019.0,53.0,Male
869716064094031,HONDA,BRIO MOBILIO,WHITE / WIT,2015.0,43.0,Male
869716064129373,BMW,1 SERIES,WHITE,2013.0,63.0,Female
869716064159420,TOYOTA,STARLET,SILVER / SILWER,2020.0,51.0,Female
869716064166334,MERCEDES-BENZ,GLA 200,WHITE,2022.0,65.0,Male
869716064182224,VOLKSWAGEN,POLO 1.0 TSI TRENDLINE,UNKNOWN,2021.0,47.0,Female
869716064199301,VOLKSWAGEN,VW 241-POLO VIVO,WHITE,2023.0,,
869716064204077,VOLKSWAGEN,VW 357-CADDY DEL,WHITE / WIT,2013.0,42.0,Male
869716064210520,GREAT WALL MOTORS,HAVAL H2 JOLION,GREEN / GROEN,2023.0,53.0,Male
869716065984107,CHERY,TIGGO 4 PRO 1.5  URBAN,RED,2023.0,43.0,Female
869716066006439,KIA,PICANTO 1.0 A/T (2011 - 2016),WHITE,2020.0,42.0,Female
869716066017741,HYUNDAI,GRAND i10 1.0 MOTION,SILVER,2018.0,29.0,Male
869716066063711,VOLKSWAGEN,VW 25X - POLO VIVO,WHITE,2023.0,41.0,Male
869716066094880,FORD,FIGO,RED,2019.0,31.0,Female
869716066116808,GREAT WALL MOTORS,P SERIES,WHITE,2023.0,,
869716066146714,MERCEDES-BENZ,V250D,WHITE,2020.0,47.0,Male
869716066150948,TOYOTA,HILLUX,WHITE,2022.0,51.0,Male
869716066155566,VOLKSWAGEN,VW 240-POLO VIVO,WHITE / WIT,2014.0,48.0,Male
869716066185225,NISSAN,NP300 HARDBODY,WHITE,2023.0,,
869716067368598,TOYOTA,VITZ,GREY,2022.0,51.0,Female
869716067370321,VOLKSWAGEN,VW 216 - T-CROSS,WHITE,2023.0,30.0,Female
869716067378548,RENAULT,SANDERO,SILVER,2019.0,59.0,Female
869716067408428,HONDA,AMAZE,WHITE,2019.0,48.0,Male
869716067437112,KIA,RIO,GREY / GRYS,2015.0,57.0,Female
869716067453804,RENAULT,DUSTER,GREY / GRYS,2019.0,60.0,Male
869716067469719,VOLKSWAGEN,POLO 1.6,SILVER,2019.0,,
869716067475617,VOLKSWAGEN,VW 216 T-CROSS,GREY / GRYS,2023.0,46.0,Female
869716067481094,TOYOTA,STARLET NEW GEN,BLUE,2023.0,47.0,Female
869716067485269,SUZUKI,S-PRESSO,WHITE / WIT,2020.0,36.0,Female
869716067490657,MERCEDES-BENZ,C250 AVANTGARDE A/T,WHITE,2015.0,43.0,Female
869716067500695,OPEL,CORSA,WHITE,2010.0,49.0,Female
869716067550716,MERCEDES-BENZ,W204,Other,2012.0,53.0,Male
869716068390195,TOYOTA,QUANTAM 2010 15 SEATER,WHITE /,2015.0,56.0,Male
869716068458216,VOLKSWAGEN,POLO,GREY,2015.0,35.0,Male
869716068461152,HYUNDAI,i30 1.6 GLS/PREMIUM,RED,2014.0,39.0,Female
869716068462432,HYUNDAI,SANTA-FE 2WD 7S,WHITE / WIT,2020.0,62.0,Male
869716068467118,DATSUN,GO,WHITE / WIT,2019.0,33.0,Female
869716068471235,TOYOTA,QUANTAM 2010 15 SEATER,WHITE /,2015.0,56.0,Male
869716068480392,MERCEDES- BENZ,C200,WHITE,2014.0,64.0,Female
869716068490284,TOYOTA,HILUX,WHITE,2017.0,48.0,Male
869716068495549,ISUZU,KB,SILVER / SILWER,2015.0,37.0,Female
869716068564179,HYUNDAI,GRAND i10,GREY,2014.0,42.0,Male
860305051167445,HYUNDAI,ATOS,SILVER / SILWER,2019.0,43.0,Female
860305051268284,AUDI,A4,WHITE,2018.0,45.0,Male
860305051301069,TOYOTA,HiluxDC 2.4GD6 4X4 RAI 6MT,WHITE,2022.0,44.0,Male
860305051312553,AUDI,AU 37X-A3,GREY / GRYS,2018.0,52.0,Female
860305051458265,FORD,RANGER,GREY / GRYS,2016.0,50.0,Male
860305054933330,VOLKSWAGEN,VW 27X - POLO,BLUE,2019.0,44.0,Female
860305054945110,HYUNDAI,i20,RED / ROOI,2021.0,44.0,Female
860305054947017,TOYOTA,HILUX,WHITE / WIT,2022.0,44.0,Male
860305054947058,FORD,RANGER,SILVER / SILWER,2014.0,46.0,Female
860305055022000,KIA,PICANTO 1.0 STREET,UNKNOWN,2022.0,33.0,Female
860305055025409,BMW,M2,BLACK,2018.0,,
860305055025904,SUZUKI,SWIFT 1.2 GA (2014 - 2018),GRAY / GRYS,2023.0,32.0,Female
860305055040192,VOLKSWAGEN,POLO,WHITE,2019.0,27.0,Female
860305056130885,VOLKSWAGEN,POLO 2.0 GTI DSG (147KW),WHITE,2020.0,33.0,Male
860305056140264,MAHINDRA,PIK UP,Other,2018.0,37.0,Male
860305056161088,TOYOTA,FORTUNER 3.0D-4 4X2,SILVER,2010.0,62.0,Male
860305056173463,TOYOTA,COROLLA QUEST 1.6,WHITE,2021.0,64.0,Male
860305056187471,VOLKSWAGEN,VW 27X - POLO,WHITE / WIT,2021.0,43.0,Male
860305056204466,VOLKSWAGEN,GOLF VI 2.0 TSI R DSG,BLUE,2011.0,36.0,Male
860305056206255,HAVAL,JOLION,RED,2023.0,44.0,Male
860305056240403,SUZUKI,BALENO,Other,2023.0,51.0,Female
860305056247457,RENAULT,CLIO IV,BLUE / BLOU,2015.0,48.0,Female
860305056276829,VOLKSWAGEN,VW 27X - POLO,gray,2020.0,31.0,Male
860305056287230,VOLKSWAGEN,VW 361-16,WHITE / WIT,2015.0,59.0,Female
860305056294608,SUZUKI,S-PRESSO,WHITE / WIT,2021.0,70.0,Female
860305056294780,AUDI,AU 35X-TT ROADSTER,SILVER / SILWER,2010.0,59.0,Male
860305056480108,VOLKSWAGEN,VW 25X - POLO VIVO,SILVER / SILWER,2019.0,33.0,Male
860305056485685,FORD,RANGER,WHITE,2017.0,43.0,Female
860305056524236,TOYOTA,HILUX,GREY / GRYS,2015.0,52.0,Male
860305056544713,HYUNDAI,GRAND i10,SILVER,2023.0,32.0,Male
860305056582358,NISSAN,NP 200,Other,2020.0,62.0,Male
860305056583349,RENAULT,KWID,GREEN,2022.0,42.0,Male
860305056688791,FORD,FIGO 1.4 AMBIENTE (2010 - 2018),SILVER,2011.0,42.0,Female
860305056690565,MERCEDES-BENZ,C 117,WHITE / WIT,2018.0,43.0,Male
860305056737002,HYUNDAI,GRAND I10 BA,WHITE / WIT,2018.0,46.0,Male
860305056741772,LAND ROVER,FREELANDER,WHITE,2011.0,53.0,Female
860305056745617,HYUNDAI,i20,SILVER,2009.0,40.0,Female
860305056763263,HYUNDAI,GRAND CRETA 2.0 EXECUTIVE A/T,WHITE,2023.0,63.0,Female
860305056780887,MAHINDRA,PIK UP 2.2 MHAWK S4 P/U S/C,WHITE,2023.0,45.0,Male
860305056862453,TOYOTA,HILUX,WHITE / WIT,2008.0,57.0,Male
860305056989132,HYUNDAI,GRAND I10 AI3,BLACK / SWART,2023.0,66.0,Female
860305056989173,TOYOTA,HILUX,RED / ROOI,2022.0,57.0,Female
860305056994645,OPEL,MOKKA,WHITE / WIT,2015.0,45.0,Male
860305056995279,SUZUKI,ERTIGA,WHITE / WIT,2023.0,53.0,Female
860305057005730,KIA,PICANTO 1.0 START,GREY,2023.0,59.0,Female
860305057010839,HYUNDAI,TUCSON,BLUE,2023.0,58.0,Male
860305057019319,NISSAN,NP200,WHITE,2017.0,57.0,Male
860305057049126,FORD,EVEREST 3.0 TDCi XLT,BROWN,2013.0,54.0,Male
860305057050868,TOYOTA,HILUX,WHITE,2007.0,60.0,Female
860305057059299,VOLKSWAGEN,VW 25X - POLO VIVO,SILVER / SILWER,2022.0,35.0,Female
860305057068969,NISSAN,NP 200,WHITE / WIT,2023.0,53.0,Male
864714060591113,VOLKSWAGEN,VW - 12X - UP!,RED / ROOI,2017.0,59.0,Male
864714060592731,VOLKSWAGEN,VW24X-POLO,BLUE,2006.0,63.0,Male
864714060614923,TOYOTA,HILUX 2.4 GD A/C P/U S/C,WHITE,2017.0,37.0,Male
864714060618445,HYUNDAI,GRAND i10,WHITE,2023.0,,
864714060631489,VOLKSWAGEN,VW 27X - POLO,WHITE / WIT,2018.0,34.0,Female
864714060636876,NISSAN,QASHQAI,GOLD,2013.0,67.0,Female
864714060650133,TOYOTA,ETIOS,RED,2013.0,70.0,Female
864714060657310,HYUNDAI,TUCSON,WHITE,2007.0,46.0,Female
864714060679751,TOYOTA,RUMION,BEIGE,2022.0,39.0,Female
864714060723674,TOYOTA,ETIOS,WHITE,2016.0,50.0,Male
864714062283974,TOYOTA,YARIS,RED,2018.0,38.0,Male
864714062357307,TOYOTA,ETIOS,RED,2014.0,33.0,Male
868440060015590,GEELY,LC 1.3 CROSS GL,SILVER / SILWER,2012.0,64.0,Male
868440060020137,VOLVO,V40,WHITE,2016.0,32.0,Male
868440060032850,ISUZU,KB 250D LEED FLEETSIDE P/U S/C,GREY,2018.0,57.0,Male
868440060047726,TOYOTA,STARLET,WHITE,2021.0,30.0,Female
868440060067773,VOLKSWAGEN,VW 216 T-CROSS,SILVER / SILWER,2022.0,59.0,Female
868440060070348,FORD,FIESTA,WHITE,2015.0,66.0,Male
868440060072419,RENAULT,Capture,CREAM,2019.0,64.0,Male
868440060090221,SUZUKI,ERTIGA,SILVER / SILWER,2022.0,57.0,Female
868440060099032,FORD,FIGO,WHITE / WIT,2016.0,43.0,Female
868440060710190,NISSAN,NV350,WHITE,2023.0,,
868440060739058,TOYOTA,Agya AT (with audio),RED,2022.0,42.0,Female
868440060766275,HYUNDAI,GRAND I10 BA,BLUE,2018.0,,
868440060783247,RENAULT,SANDERO,BLUE,2019.0,51.0,Male
868440060801130,TOYOTA,COROLLA VERSO,WHITE / WIT,2012.0,51.0,Female
868440060803003,RENAULT,KIGER 1.0 TURBO INTER,WHITE,2023.0,29.0,Male
868440060837332,HYUNDAI,iX35,GREY,2013.0,49.0,Male
868440060840781,VOLKSWAGEN,POLO VIVO 1.4 TRENDLINE (5DR),SILVER,2021.0,40.0,Female
868440060856324,VOLKSWAGEN,VW 27X - POLO,ORANGE / ORANJE,2019.0,38.0,Male
869716064044697,FORD,RANGER,WHITE,2023.0,36.0,Male
869716064047682,VOLKSWAGEN,VW 240-POLO VIVO,RED,2014.0,54.0,Male
869716064067888,HYUNDAI,H100 2.6D F/C D/S,WHITE,2023.0,40.0,Male
869716064070486,MAHINDRA,SCORPIO SC,WHITE / WIT,2007.0,62.0,Male
869716064078745,BMW,2 SERIES,RED / ROOI,2017.0,31.0,Male
869716064085054,FORD,FOCUS,WHITE,2010.0,53.0,Female
869716064097836,VOLKSWAGEN,VW 240-POLO VIVO,WHITE,2016.0,36.0,Male
869716064099428,SUZUKI,SWIFT,Other,2022.0,34.0,Female
869716064159891,SUZUKI,S-PRESSO,WHITE / WIT,2023.0,51.0,Female
869716064181044,KIA,RIO - YB PE,SILVER,2023.0,40.0,Female
869716064206189,RENAULT,SANDERO 900 T DYNAMIQUE,RED,2018.0,60.0,Male
869716064219711,FORD,FIGO,SILVER / SILWER,2010.0,45.0,Male
869716066025751,VOLVO,S40,SILVER / SILWER,2010.0,53.0,Male
869716066030629,HYUNDAI,i10,WHITE,2013.0,53.0,Male
869716066033474,SUZUKI,DZIRE 1.2 GL,RED,2023.0,37.0,Female
869716066033532,TOYOTA,ETIOS,WHITE,2017.0,46.0,Female
869716066052557,VOLKSWAGEN,VN 750 - CARAVELLE,SILVER,2008.0,63.0,Male
869716066090151,JEEP,COMPASS,GREY,2023.0,30.0,Female
869716066106528,KIA,RIO,WHITE / WIT,2016.0,41.0,Male
869716066119240,HONDA,ACCORD,BLUE,2009.0,68.0,Female
869716066120578,NISSAN,NP 200,WHITE,2022.0,41.0,Male
869716066122012,VOLKSWAGEN,POLO,WHITE,2021.0,32.0,Male
869716066133050,HYUNDAI,H100 2.6D F/C D/S,WHITE,2023.0,40.0,Male
869716066144032,VOLKSWAGEN,VW 364 - SCIROCCO,RED / ROOI,2012.0,47.0,Male
869716066147829,CHEVROLET,SONIC,SILVER / SILWER,2012.0,59.0,Female
869716067364035,RENAULT,KWID,WHITE,2020.0,58.0,Male
869716067369141,SUZUKI,ERTIGA,WHITE,2023.0,35.0,Female
869716067394016,NISSAN,NP 200,WHITE,2021.0,39.0,Male
869716067443607,SUZUKI,SWIFT 1.2 GA,WHITE,2022.0,48.0,Female
869716067485483,RENAULT,STEPWAY PLUS TURBO 66KW,GREY,2021.0,35.0,Female
869716068416289,MERCEDES- BENZ,C180,SILVER,2011.0,72.0,Male
869716068438978,MAHINDRA,KUV 100 1.2 K2+ NXT,WHITE,2019.0,48.0,Female
869716068444844,HAVAL,H6 GT,WHITE,2023.0,50.0,Female
869716068470773,FORD,RANGER,WHITE / WIT,2013.0,39.0,Female
869716068480491,SUZUKI,CELERIO,WHITE,2019.0,65.0,Male
869716068493742,KIA,PEGAS 1.4 EX,BLUE,2022.0,50.0,Male
860305051153429,NISSAN DIESEL,MAGNITE,RED,2023.0,58.0,Female
860305051195818,CHEVROLET,SPARK,WHITE / WIT,2014.0,65.0,Male
860305051214031,TOYOTA,HILUX 2.8 GD-6 GR-S 4X4 A/T P/U D/C,BLACK,2023.0,,
860305051228627,KIA,K2700,WHITE / WIT,2021.0,48.0,Female
860305051294975,TOYOTA,STARLET 1.4 XI,RED,2022.0,48.0,Female
860305051554014,RENAULT,SANDERO,RED,2020.0,49.0,Male
860305054931045,MERCEDES-BENZ,E 350 CDI BE AVANTGARDE,SILVER,2010.0,47.0,Female
860305054958444,NISSAN,NP 200,WHITE,2023.0,61.0,Male
860305054972643,VW COMMERCIAL,POLO,SILVER,2022.0,32.0,Male
860305054972833,HYUNDAI,I20 IB,RED / ROOI,2017.0,37.0,Female
860305054973575,NISSAN,NP 200,WHITE / WIT,2019.0,46.0,Female
860305054976396,MERCEDES-BENZ,W 205,WHITE / WIT,2015.0,46.0,Female
860305054991668,MAHINDRA,PIK UP 2.2 MHAWK S6 REFRESH P/U S/C,WHITE,2023.0,56.0,Female
860305055015178,HYUNDAI,i10,SILVER / SILWER,2014.0,56.0,Female
860305055024303,TOYOTA,COROLLA,WHITE / WIT,2013.0,43.0,Male
860305055032447,SUZUKI,ERTIGA 1.5 GA,WHITE,2023.0,55.0,Male
860305056127956,FORD,FIESTA,RED / ROOI,2013.0,34.0,Male
860305056139647,TOYOTA,RUNX,GOLD / GOUD,2007.0,46.0,Male
860305056160957,HYUNDAI,i10,WHITE,2017.0,35.0,Female
860305056176938,MERCEDES-BENZ,VITO,WHITE / WIT,2004.0,62.0,Female
860305056180682,VOLKSWAGEN,POLO VIVO 1.4 TRENDLINE (5DR),DARK GREY,2021.0,42.0,Female
860305056228341,VOLKSWAGEN,POLO TSI,WHITE,2021.0,39.0,Male
860305056271390,FORD,RANGER,WHITE,2023.0,,
860305056273099,NISSAN,NP200,WHITE,2023.0,,
860305056274600,TOYOTA,RAV 4,GREY,2014.0,66.0,Male
860305056279161,VOLKSWAGEN,POLO,SILVER,2022.0,33.0,Male
860305056294525,NISSAN,MICRA 1.2 VISIA 5DR (D81) (2011 - 2014),RED,2012.0,46.0,Female
860305056296546,TOYOTA,COROLLA,WHITE / WIT,2016.0,45.0,Male
860305056458609,KIA,PICANTO,WHITE,2021.0,34.0,Female
860305056492657,HYUNDAI,H100 2.6D ,WHITE,2018.0,32.0,Male
860305056501739,TOYOTA,ETIOS,SILVER / SILWER,2016.0,41.0,Female
860305056512835,TOYOTA,RUMION,BLUE,2022.0,41.0,Female
860305056530084,VOLKSWAGEN,VW 250 - POLO,SILVER / SILWER,2017.0,72.0,Male
860305056533005,VOLKSWAGEN,VW 240-POLO VIVO,BEIGE / BEIGE,2015.0,41.0,Female
860305056535992,VOLKSWAGEN,POLO,WHITE,2020.0,47.0,Female
860305056544168,SUZUKI,VITARA BREZZA,WHITE,2022.0,59.0,Male
860305056546635,MITSUBISHI,LANCER,GREY,2014.0,41.0,Male
860305056562699,TOYOTA,STARLET,WHITE,2021.0,35.0,Male
860305056567169,CHERY,TIGGO 4 PRO 1.5  URBAN,GREY,2023.0,47.0,Female
860305056584552,ISUZU,D-MAX 1.9 DDI HR L A/T S/C P/U,WHITE,2023.0,46.0,Female
860305056677612,RENAULT,TRIBER,BLUE / BLOU,2021.0,68.0,Male
860305056711601,SUZUKI,ERTIGA,BROWN,2023.0,40.0,Female
860305056731120,HYUNDAI,GRAND I10 AI3,WHITE / WIT,2022.0,41.0,Female
860305056743554,HYUNDAI,I20 IB ACTIVE,WHITE / WIT,2018.0,57.0,Female
860305056774179,TOYOTA,HILUX 2.4 GD6 4X4 RAIDER P/U D/C   (2020 - 2022),WHITE,2022.0,44.0,Male
860305056781158,KIA,PICANTO,WHITE / WIT,2013.0,64.0,Female
860305056781596,AUDI,A4,WHITE,2017.0,35.0,Male
860305056781646,TOYOTA,HILUX,WHITE,2023.0,,
860305056782693,TOYOTA,COROLLA,BRONZE / BRONS,2016.0,58.0,Male
860305056803440,TOYOTA,HILUX,WHITE / WIT,2010.0,53.0,Male
860305056855192,TOYOTA,COROLLA 1.4 PROFESSIONAL,RED,2008.0,64.0,Female
860305056988118,TOYOTA,YARIS T1 3Dr A/C,SILVER,2007.0,35.0,Female
860305057014849,TOYOTA,FORTUNER,WHITE / WIT,2017.0,46.0,Male
860305057022214,CHERY,TIGGO 8 PRO,GREY / GRYS,2022.0,45.0,Male
860305057034524,HYUNDAI,GRAND i10 1.0 MOTION,WHITE,2023.0,42.0,Male
860305057050884,TOYOTA,YARIS,SILVER / SILWER,2019.0,43.0,Female
860305057067136,KIA,PICANTO,WHITE,2016.0,34.0,Female
860305057082267,HYUNDAI,HL760-9S,SILVER,2023.0,36.0,Female
864714060569184,TOYOTA,URBAN CRUISER,SILVER,2023.0,65.0,Male
864714060573152,AUDI,AU 481-A4,WHITE,2014.0,41.0,Female
864714060631000,TOYOTA,HILUX,WHITE,2010.0,41.0,Male
864714060687606,VOLKSWAGEN,POLO 1.6 COMFORTLINE 5DR,WHITE,2014.0,38.0,Male
864714060690246,SUZUKI,SWIFT,ORANGE,2019.0,57.0,Female
864714060707222,MERCEDES- BENZ,GLC 220D 4MATIC,WHITE,2018.0,45.0,Male
864714060707982,RENAULT,KWID,SILVER / SILWER,2020.0,43.0,Male
864714060725695,NISSAN,NP200,WHITE,2020.0,48.0,Male
864714061766904,ISUZU,D-MAX,WHITE,2023.0,60.0,Male
864714061772233,VOLKSWAGEN,POLO TSI,SILVER,2024.0,46.0,Male
864714062357570,SUZUKI,ERTIGA,SILVER,2023.0,58.0,Male
864714067414160,KIA,RIO,BEIGE / BEIGE,2013.0,48.0,Female
868440060000980,NISSAN,NP 200,WHITE / WIT,2015.0,35.0,Male
868440060003984,KIA,K2700,WHITE / WIT,2022.0,32.0,Male
868440060020426,KIA,PICANTO-JA,RED / ROOI,2022.0,51.0,Female
868440060055836,HYUNDAI,TUCSON,WHITE / WIT,2020.0,49.0,Female
868440060095949,SUZUKI,ERTIGA 1.5 GA,BLUE,2023.0,49.0,Female
868440060706065,SUZUKI,DZIRE,WHITE,2023.0,,
868440060726881,VOLKSWAGEN,A4 JETTA,SILVER,2003.0,56.0,Male
868440060728291,RENAULT,CAPTUR 900T DYNAMIQUE 5DR (66KW),BROWN,2020.0,49.0,Female
868440060740791,CHERY,TIGGO 4 PRO,WHITE,2023.0,68.0,Male
868440060790994,KIA,K 2700 WORKHORSE P/U S/C,UNKNOWN,2023.0,39.0,Male
868440060802633,RENAULT,SANDERO,WHITE,2018.0,42.0,Male
868440060809240,VOLKSWAGEN,VW 240-POLO VIVO,BEIGE / BEIGE,2017.0,43.0,Female
868440060820239,VOLKSWAGEN,VW 25X - POLO VIVO,GREY / GRYS,2019.0,45.0,Male
868440060826574,HYUNDAI,TUCSON,SILVER / SILWER,2019.0,54.0,Male
868440060828281,RENAULT,KWID 1.0 DYNAMIQUE 5DR,BLUE,2022.0,32.0,Female
869716064067631,VOLKSWAGEN,VW 216 T-CROSS,BLUE / BLOU,2019.0,37.0,Female
869716064087175,VOLKSWAGEN,VW 25X - POLO VIVO,WHITE / WIT,2023.0,41.0,Male
869716064108575,VOLKSWAGEN,VW 25X - POLO VIVO,SILVER,2018.0,51.0,Female
869716064125322,MAZDA,CX-3 2.0 DYNAMIC A/T,BROWN,2023.0,52.0,Male
869716064127252,TOYOTA,HILUX,SILVER,2023.0,53.0,Male
869716064200554,CHERY,TIGGO 4 PRO,RED,2023.0,58.0,Female
869716064204853,SUZUKI,SWIFT,ORANGE / ORANJE,2021.0,46.0,Male
869716064210991,MITSUBISHI,ECLIPSE CROSS 2.0 GLS  CVT AWD,RED,2023.0,61.0,Female
869716064212666,SUZUKI,SWIFT 1.2 GA,WHITE,2022.0,30.0,Male
869716066006256,TOYOTA,FORTUNER,SILVER,2016.0,51.0,Female
869716066007817,VOLKSWAGEN,VW 240-POLO VIVO,SILVER / SILWER,2015.0,38.0,Male
869716066010217,SUZUKI,ERTIGA,SILVER,2023.0,39.0,Male
869716066036766,HYUNDAI,i20 1.4 FLUID,ORANGE / ORANJE,2019.0,58.0,Female
869716066039935,CHEVROLET,CRUZE,WHITE / WIT,2016.0,30.0,Female
869716066072993,FORD,RANGER,SILVER,2018.0,35.0,Male
869716066076622,SUZUKI,ERTIGA,WHITE,2022.0,56.0,Male
869716066083271,TOYOTA,COROLLA,BLUE,2011.0,71.0,Male
869716066084451,TOYOTA,RUMION,WHITE / WIT,2022.0,36.0,Male
869716066086282,TOYOTA,ETIOS,SILVER / SILWER,2012.0,57.0,Female
869716066093973,NISSAN,QASHQAI,GREY,2021.0,47.0,Male
869716066098055,VOLKSWAGEN,POLO GP 1.4 COMFORTLINE,WHITE,2018.0,44.0,Male
869716066105025,FORD,RANGER,BLACK,2014.0,45.0,Male
869716066136699,SUZUKI,DZIRE 1.2 GA,UNKNOWN,2023.0,27.0,Female
869716066189094,RENAULT,TRIBER,MAROON,2023.0,60.0,Female
869716066196289,RENAULT,TRIBER 1.0 DYNAMIQUE/ZEN,RED,2023.0,58.0,Female
869716067376252,CHERY,TIGGO 4 PRO 1.5T ELITE SE CVT,GREY,2023.0,59.0,Female
869716067397613,VOLKSWAGEN,POLO,BLUE,2021.0,38.0,Male
869716067407370,VOLKSWAGEN,POLO,WHITE,2022.0,59.0,Male
869716067453150,TOYOTA,ETIOS,GOLD,2013.0,35.0,Female
869716067527235,HYUNDAI,I20 FACELIFT,WHITE / WIT,2014.0,36.0,Male
869716067545682,TOYOTA,COROLLA,SILVER,2016.0,60.0,Female
869716067547175,KIA,SPORTAGE QL,WHITE,2020.0,58.0,Male
869716067553629,VOLKSWAGEN,POLO VIVO 1.0 TSI GT (5DR) (2018 - 2019),WHITE,2019.0,36.0,Male
869716068334938,FORD,ECOSPORT,GREY,2020.0,71.0,Female
869716068420596,TOYOTA,STARLET,BRONZE,2023.0,49.0,Female
869716068425876,TOYOTA,QUANTUM,WHITE,2023.0,52.0,Female
869716068474437,TOYOTA,FORTUNER,WHITE,2018.0,62.0,Male
869716068564146,NISSAN,Quashqai,WHITE,2023.0,52.0,Female
860305051230771,TOYOTA,86,RED / ROOI,2013.0,59.0,Male
860305051320457,TOYOTA,HILUX,SILVER / SILWER,2022.0,52.0,Male
860305051333450,VOLKSWAGEN,POLO 1.0 TSI LIFE,WHITE,2023.0,38.0,Female
860305051554121,NISSAN,QASHQAI,WHITE,2015.0,41.0,Male
860305054975661,TOYOTA,RUMION,WHITE,2022.0,56.0,Male
860305055012878,TOYOTA,COROLLA,SILVER / SILWER,2021.0,69.0,Male
860305055016143,HYUNDAI,ACCENT,BEIGE / BEIGE,2011.0,61.0,Female
860305055021887,FORD,FIGO,WHITE,2018.0,37.0,Female
860305055032009,HYUNDAI,i10 1.1 GLS/MOTION,SILVER,2015.0,51.0,Male
860305055038394,FIAT,FIORINO,WHITE,2014.0,49.0,Male
860305055057683,VOLKSWAGEN,VW 250 - POLO,RED,2014.0,65.0,Male
860305056124698,HYUNDAI,i10,RED / ROOI,2013.0,42.0,Male
860305056154968,VOLKSWAGEN,POLO VIVO,GREY,2020.0,41.0,Male
860305056183496,TOYOTA,AVANZA,BLUE / BLOU,2010.0,40.0,Female
860305056188453,NISSAN,ALMERA,RED / ROOI,2003.0,61.0,Male
860305056198965,VOLKSWAGEN,VW 240-POLO VIVO,WHITE / WIT,2016.0,39.0,Female
860305056214895,SUZUKI,DZIRE,WHITE,2020.0,45.0,Male
860305056259288,HYUNDAI,ATOS,SILVER / SILWER,2022.0,61.0,Female
860305056264908,VOLKSWAGEN,POLO VIVO 1.4 TRENDLINE (5DR),WHITE,2023.0,26.0,Female
860305056279880,TOYOTA,URBAN CRUISER,BROWN,2022.0,33.0,Female
860305056284526,FORD,ECO SPORT,SILVER,2021.0,62.0,Male
860305056487020,SUZUKI,CIAZ 1.5 GL,WHITE,2023.0,46.0,Male
860305056525530,ISUZU,KB,RED / ROOI,2006.0,60.0,Male
860305056550835,SUZUKI,ERTIGA,WHITE,2022.0,37.0,Male
860305056578208,TOYOTA,COROLLA CROSS 1.8 XR,MAROON,2023.0,62.0,Male
860305056578224,TOYOTA,RAV4 2.0 GX,BRONZE,2016.0,60.0,Female
860305056582606,MERCEDES-BENZ,W204,SILVER / SILWER,2008.0,57.0,Male
860305056676721,SUZUKI,S-PRESSO,WHITE / WIT,2023.0,38.0,Female
860305056693551,VOLKSWAGEN,POLO VIVO 1.4 COMFORTLINE (5DR),WHITE,2022.0,30.0,Male
860305056723242,RENAULT,TRIBER 1.0 EXPRESSION/LIFE,BLUE,2023.0,34.0,Male
860305056728621,SUZUKI,DZIRE,GREY / GRYS,2023.0,34.0,Male
860305056732730,MERCEDES-BENZ,W 205,SILVER / SILWER,2019.0,60.0,Male
860305056782917,SUZUKI,ERTIGA 1.5 GA,WHITE,2023.0,35.0,Male
860305056857875,VOLKSWAGEN,VW 251 - POLO,RED,2021.0,38.0,Female
860305056993613,CHEVROLET,UTILITY,WHITE / WIT,2017.0,41.0,Male
860305056995162,KIA,K2500,WHITE,2023.0,52.0,Female
860305056999909,MITSUBISHI,ECLIPSE CROSS,RED / ROOI,2023.0,62.0,Male
860305057016620,ISUZU,D-MAX,WHITE / WIT,2021.0,38.0,Male
860305057023204,HONDA,JAZZ,WHITE,2023.0,73.0,Female
860305057038665,HYUNDAI,VENUE,SILVER,2023.0,55.0,Female
860305057062418,SUZUKI,ERTIGA,WHITE,2023.0,33.0,Male
860305057065734,JEEP,RENEGADE,ORANGE / ORANJE,2016.0,39.0,Female
860305057084008,NISSAN,NP 200,WHITE,2023.0,65.0,Female
861755076829669,NISSAN,LIVINA X-GEAR,GOLD,2012.0,51.0,Female
864714060544625,TOYOTA,STARLET,BLUE / BLOU,2021.0,52.0,Male
864714060559391,TOYOTA,YARIS,WHITE,2015.0,49.0,Male
864714060564250,HYUNDAI,TUCSON,WHITE / WIT,2019.0,55.0,Female
864714060566941,VOLKSWAGEN,POLO VIVO 1.4 COMFORTLINE (5DR),BLUE,2023.0,51.0,Male
864714060571149,RENAULT,TRIBER,BLUE,2023.0,60.0,Female
864714060574994,PEUGEOT,1007 1.6 2-TRONIC,SILVER,2006.0,66.0,Female
864714060606572,CHEVROLET,UTILITY,WHITE,2015.0,55.0,Female
864714060608925,LEXUS,IS 250 A/T,BLACK,2010.0,66.0,Male
864714060615961,CHEVROLET,UTILITY,WHITE,2011.0,70.0,Male
864714060632859,NISSAN,NP300,WHITE,2012.0,47.0,Male
864714060677565,HAVAL,H2,WHITE,2021.0,55.0,Female
864714060684272,VOLKSWAGEN,POLO 1.0 TSI TRENDLINE,BLUE,2021.0,43.0,Female
864714060686327,KIA,RIO,WHITE,2012.0,50.0,Female
864714060687564,FORD,RANGER,WHITE / WIT,2018.0,57.0,Female
864714060688109,HYUNDAI,CRETA GS,WHITE / WIT,2018.0,42.0,Female
864714060691350,NISSAN,NP 200,WHITE,2022.0,37.0,Male
864714060694537,KIA,PICANTO,RED,2020.0,30.0,Female
864714060713956,SUZUKI,BALENO,BLUE,2023.0,38.0,Male
864714060730794,VOLKSWAGEN,T5 CARAVELLE,WHITE,2013.0,39.0,Male
864714062282422,TOYOTA,COROLLA,BRONZE / BRONS,2015.0,56.0,Female
864714067432303,SUZUKI,SWIFT,RED,2024.0,31.0,Female
868440060012811,MERCEDES-BENZ,C200,RED,2023.0,45.0,Female
868440060023420,TOYOTA,STARLET 1.4 XS,SILVER,2021.0,39.0,Male
868440060044160,BMW,3 SERIES,WHITE / WIT,2017.0,48.0,Male
868440060059663,SUZUKI,ERTIGA 1.5 GA,SILVER,2023.0,57.0,Male
868440060099222,HYUNDAI,TUCSON,BRONZE,2023.0,57.0,Female
868440060716932,VOLKSWAGEN,VW 360-GOLF,SILVER / SILWER,2010.0,37.0,Male
868440060728135,TOYOTA,RUMION,WHITE / WIT,2021.0,35.0,Male
868440060733499,HYUNDAI,VENUE 1.2 MOTION,SILVER,2023.0,49.0,Female
868440060742318,HYUNDAI,GRAND i10 1.0 FLUID,WHITE,2023.0,38.0,Female
868440060755294,HYUNDAI,i20,GREY / GRYS,2023.0,52.0,Female
868440060757373,TOYOTA,COROLLA CROSS,WHITE,2022.0,56.0,Female
868440060764437,MERCEDES-BENZ,C200 BE CLASSIC A/T,WHITE,2013.0,38.0,Male
868440060778650,ISUZU,D-MAX,WHITE,2021.0,46.0,Male
868440060781258,FORD,KUGA,WHITE / WIT,2015.0,48.0,Female
868440060796819,HYUNDAI,KWID,BLUE,2018.0,28.0,Female
868440060811527,HYUNDAI,VENUE,WHITE,2023.0,47.0,Female
868440060819397,MERCEDES-BENZ,CLA250 SPORT 4MATIC,SILVER,2015.0,31.0,Male
868440060834651,VOLKSWAGEN,VW 25X - POLO VIVO,BLUE / BLOU,2023.0,36.0,Male
868440060848461,MITSUBISHI,ASX 2.0 5DR GLS A/T,SILVER,2023.0,,
869716064084479,VOLKSWAGEN,VW 25X - POLO VIVO,BLUE,2021.0,37.0,Male
869716064084859,TOYOTA,ETIOS,BLUE / BLOU,2013.0,44.0,Female
869716064106041,MAZDA,2,BLUE,2020.0,29.0,Female
869716064128987,NISSAN,NAVARA,SILVER,2020.0,60.0,Male
869716064170203,GWM,M4 1.5 CROSSOVER,ORANGE,2018.0,52.0,Female
869716064177125,TOYOTA,COROLLA,WHITE,2023.0,32.0,Male
869716064180921,FORD,1.6L BZ CORE,GREY /  GRY,2007.0,54.0,Male
869716064190995,VOLVO,V40,WHITE / WIT,2014.0,39.0,Female
869716064194294,FORD,RANGER,GREY / GRYS,2022.0,61.0,Male
869716066001166,SUZUKI,SWIFT,WHITE,2018.0,55.0,Male
869716066014169,RENAULT,KWID,RED,2019.0,46.0,Female
869716066017279,VOLKSWAGEN,VW 240-POLO VIVO,WHITE,2017.0,51.0,Male
869716066028730,TOYOTA,Starlet 1.5L Xs AT,WHITE,2022.0,52.0,Female
869716066035511,TOYOTA,VITZ,WHITE,2022.0,46.0,Male
869716066036592,SUZUKI,S-PRESSO,WHITE,2023.0,55.0,Female
869716066045767,TOYOT,AVANZA,WHITE,2018.0,40.0,Female
869716066059982,TOYOTA,RUMION 1.5 SX,UNKNOWN,2023.0,62.0,Male
869716066074502,SUZUKI,DZIRE,WHITE,2023.0,37.0,Male
869716066100828,MAZDA,BT-50,WHITE,2017.0,43.0,Female
869716066106775,SUZUKI,SWIFT 1.2 GA,SILVER,2023.0,42.0,Female
869716066151581,MERCEDES-BENZ,W 205,GREY /  GRY,2014.0,62.0,Female
869716066153090,VOLKSWAGEN,POLO,GOLD,2014.0,43.0,Male
869716066164089,TOYOTA,YARIS,BLUE,2012.0,50.0,Female
869716066170383,AUDI,AU 316 Q3,GREY,2013.0,37.0,Male
869716066171191,MERCEDES-BENZ,C180,WHITE,2019.0,54.0,Male
869716066187130,HYUNDAI,GRAND i10 1.0 MOTION,SILVER,2023.0,39.0,Male
869716067379140,VOLKSWAGEN,JETTA 4 TDI,WHITE,2004.0,43.0,Female
869716067381989,TOYOTA,RUSH,RED,2019.0,34.0,Female
869716067405861,MERCEDES-BENZ,W 205,WHITE / WIT,2019.0,39.0,Male
869716067438169,TOYOTA,ETIOS,WHITE,2019.0,66.0,Male
869716067474677,VOLKSWAGEN,VW 240-POLO VIVO,WHITE,2016.0,35.0,Male
869716067476391,TOYOTA,COROLLA QUEST 1.8,WHITE,2020.0,53.0,Male
869716067538000,TOYOTA,HIACE,WHITE / WIT,2023.0,63.0,Male
869716067541160,RENAULT,KWID,BROWN,2018.0,65.0,Male
869716067552431,SUZUKI,SWIFT,WHITE,2021.0,36.0,Female
869716067553769,VOLKSWAGEN,POLO VIVO,WHITE,2019.0,28.0,Male
869716068376038,ISUZU,DMAX 250 HO HI-RIDER A/T D/C P/U,WHITE,2024.0,,
869716068407247,VOLKSWAGEN,VW 240-POLO VIVO,SILVER / SILWER,2012.0,45.0,Female
869716068442459,MERCEDES-BENZ,W 176,WHITE / WIT,2015.0,39.0,Male
869716068443226,KIA,RIO,BRONZE,2023.0,37.0,Female
869716068472225,MERCEDES-BENZ,W 205,WHITE,2017.0,41.0,Male
869716068510321,VOLKSWAGEN,GOLF VI,SILVER,2015.0,54.0,Male
869716068514943,RENAULT,TRIBER,SILVER,2024.0,49.0,Male
869716068523472,VOLKSWAGEN,VW 250 - POLO,SILVER,2014.0,54.0,Male
869716068559104,SUZUKI,SWIFT,WHITE,2023.0,68.0,Female
